﻿Designator,Footprint,Quantity,Value,LCSC Part #
"Q1, Q2, Q3, Q4, Q5, Q6, Q7, Q9",TO-220-3_Vertical,8,IRF540N,
"R1, R2, R20, R3, R4, R5, R6, R7, R8",0.4_pitch_resistor,9,R,
SW1,SW_DIP_SPSTx01_Slide_6.7x4.1mm_W7.62mm_P2.54mm_LowProfile,1,SW_DIP_x01,
U1,PinHeader_1x13_P2.54mm_Vertical,1,~,
"U10, U11, U12, U13, U16, U17, U18, U19, U2, U22, U23, U25, U26, U3, U6, U7",8_x_8_led_matrix_KWM-30881CVB,16,~,
"U14, U15, U20, U21, U4, U5, U8, U9",DIP-24_W7.62mm,8,~,
"U24, U33",DIP-16_W7.62mm,2,~,
